match_id;date_id;away_team;away_pts;home_pts;home_team
10182022BOS;1;PHI;126;117;BOS
10182022GSW;1;LAL;109;123;GSW
10192022PHX;2;DAL;107;105;PHX
10192022UTA;2;DEN;102;123;UTA
10192022TOR;2;CLE;108;105;TOR
10192022SAS;2;CHA;102;129;SAS
10192022SAC;2;POR;115;108;SAC
10192022MIN;2;OKC;108;115;MIN
10192022MEM;2;NYK;115;112;MEM
10192022IND;2;WAS;107;114;IND
10192022DET;2;ORL;113;109;DET
10192022BKN;2;NOP;108;130;BKN
10192022MIA;2;CHI;116;108;MIA
10192022ATL;2;HOU;107;117;ATL
10202022LAL;3;LAC;97;103;LAL
10202022PHI;3;MIL;88;90;PHI
10212022WAS;4;CHI;100;102;WAS
10212022POR;4;PHX;111;113;POR
10212022MIN;4;UTA;126;132;MIN
10212022MIA;4;BOS;104;111;MIA
10212022NYK;4;DET;130;106;NYK
10212022HOU;4;MEM;122;129;HOU
10212022ATL;4;ORL;98;108;ATL
10212022GSW;4;DEN;123;128;GSW
10212022CHA;4;NOP;112;124;CHA
10212022BKN;4;TOR;105;109;BKN
10212022IND;4;SAS;134;137;IND
10222022SAC;5;LAC;109;111;SAC
10222022PHI;5;SAS;114;105;PHI
10222022ORL;5;BOS;126;120;ORL
10222022MIA;5;TOR;109;112;MIA
10222022IND;5;DET;124;115;IND
10222022DEN;5;OKC;122;117;DEN
10222022DAL;5;MEM;96;137;DAL
10222022CHI;5;CLE;96;128;CHI
10222022MIL;5;HOU;125;105;MIL
10232022NOP;6;UTA;121;122;NOP
10232022LAL;6;POR;104;106;LAL
10232022OKC;6;MIN;116;106;OKC
10232022GSW;6;SAC;125;130;GSW
10232022ATL;6;CHA;126;109;ATL
10232022LAC;6;PHX;112;95;LAC
10232022CLE;6;WAS;117;107;CLE
10242022PHI;7;IND;120;106;PHI
10242022NYK;7;ORL;115;102;NYK
10242022POR;7;DEN;135;110;POR
10242022MIA;7;TOR;98;90;MIA
10242022MEM;7;BKN;134;124;MEM
10242022HOU;7;UTA;108;114;HOU
10242022CHI;7;BOS;120;102;CHI
10242022MIN;7;SAS;106;115;MIN
10252022NOP;8;DAL;111;113;NOP
10252022OKC;8;LAC;94;108;OKC
10252022PHX;8;GSW;105;134;PHX
10252022WAS;8;DET;99;120;WAS
10262022POR;9;MIA;119;98;POR
10262022UTA;9;HOU;109;101;UTA
10262022TOR;9;PHI;109;119;TOR
10262022NYK;9;CHA;134;131;NYK
10262022DEN;9;LAL;110;99;DEN
10262022MIL;9;BKN;110;99;MIL
10262022DET;9;ATL;113;118;DET
10262022CLE;9;ORL;92;103;CLE
10262022CHI;9;IND;124;109;CHI
10262022MIN;9;SAS;134;122;MIN
10272022BKN;10;DAL;125;129;BKN
10272022GSW;10;MIA;110;123;GSW
10272022OKC;10;LAC;118;110;OKC
10272022SAC;10;MEM;110;125;SAC
10282022SAS;11;CHI;124;129;SAS
10282022WAS;11;IND;127;117;WAS
10282022TOR;11;PHI;112;90;TOR
10282022POR;11;HOU;125;111;POR
10282022MIL;11;NYK;119;108;MIL
10282022ORL;11;CHA;113;93;ORL
10282022DEN;11;UTA;117;101;DEN
10282022DET;11;ATL;136;112;DET
10282022PHX;11;NOP;124;111;PHX
10282022MIN;11;LAL;102;111;MIN
10282022BOS;11;CLE;123;132;BOS
10292022BKN;12;IND;125;116;BKN
10292022CHA;12;GSW;113;120;CHA
10292022CHI;12;PHI;114;109;CHI
10292022DAL;12;OKC;117;111;DAL
10292022MIL;12;ATL;115;123;MIL
10292022SAC;12;MIA;113;119;SAC
10292022UTA;12;MEM;123;124;UTA
10302022SAS;13;MIN;107;98;SAS
10302022PHX;13;HOU;109;124;PHX
10302022LAL;13;DEN;110;121;LAL
10302022LAC;13;NOP;112;91;LAC
10302022CLE;13;NYK;121;108;CLE
10302022BOS;13;WAS;94;112;BOS
10302022DET;13;GSW;114;128;DET
10302022DAL;13;ORL;105;114;DAL
10312022BKN;14;IND;116;109;BKN
10312022CHA;14;SAC;108;115;CHA
10312022LAC;14;HOU;95;93;LAC
10312022MIL;14;DET;110;108;MIL
10312022TOR;14;ATL;109;139;TOR
10312022UTA;14;MEM;121;105;UTA
10312022WAS;14;PHI;118;111;WAS
11012022PHX;15;MIN;116;107;PHX
11012022MIA;15;GSW;109;116;MIA
11012022BKN;15;CHI;108;99;BKN
11012022OKC;15;ORL;116;108;OKC
11022022SAS;16;TOR;100;143;SAS
11022022PHI;16;WAS;111;121;PHI
11022022NYK;16;ATL;99;112;NYK
11022022MIL;16;DET;116;91;MIL
11022022POR;16;MEM;106;111;POR
11022022LAL;16;NOP;117;120;LAL
11022022HOU;16;LAC;101;109;HOU
11022022DAL;16;UTA;100;103;DAL
11022022CLE;16;BOS;113;114;CLE
11022022CHI;16;CHA;88;106;CHI
11022022MIA;16;SAC;107;110;MIA
11032022OKC;17;DEN;122;110;OKC
11032022ORL;17;GSW;129;130;ORL
11042022PHI;18;NYK;106;104;PHI
11042022WAS;18;BKN;128;86;WAS
11042022SAS;18;LAC;113;106;SAS
11042022PHX;18;POR;106;108;PHX
11042022NOP;18;GSW;114;105;NOP
11042022BOS;18;CHI;119;123;BOS
11042022MEM;18;CHA;99;130;MEM
11042022LAL;18;UTA;130;116;LAL
11042022IND;18;MIA;99;101;IND
11042022DET;18;CLE;88;112;DET
11042022DAL;18;TOR;110;111;DAL
11042022MIN;18;MIL;115;102;MIN
11052022PHX;19;POR;82;102;PHX
11052022NYK;19;BOS;133;118;NYK
11052022ORL;19;SAC;123;126;ORL
11052022MIL;19;OKC;108;94;MIL
11052022ATL;19;NOP;124;121;ATL
11052022DEN;19;SAS;126;101;DEN
11052022MIN;19;HOU;129;117;MIN
11052022CHA;19;BKN;98;94;CHA
11062022TOR;20;CHI;113;104;TOR
11062022MEM;20;WAS;97;103;MEM
11062022LAC;20;UTA;110;102;LAC
11062022LAL;20;CLE;100;114;LAL
11072022ATL;21;MIL;117;98;ATL
11072022UTA;21;LAL;116;139;UTA
11072022SAS;21;DEN;109;115;SAS
11072022PHI;21;PHX;100;88;PHI
11072022ORL;21;HOU;134;127;ORL
11072022MIA;21;POR;107;110;MIA
11072022MIN;21;NYK;120;107;MIN
11072022LAC;21;CLE;119;117;LAC
11072022IND;21;NOP;122;129;IND
11072022GSW;21;SAC;116;113;GSW
11072022DET;21;OKC;103;112;DET
11072022DAL;21;BKN;96;94;DAL
11072022CHI;21;TOR;111;97;CHI
11072022CHA;21;WAS;108;100;CHA
11072022MEM;21;BOS;106;109;MEM
11092022ORL;22;DAL;94;87;ORL
11092022TOR;22;HOU;116;109;TOR
11092022SAS;22;MEM;124;122;SAS
11092022SAC;22;CLE;127;120;SAC
11092022OKC;22;MIL;132;136;OKC
11092022ATL;22;UTA;125;119;ATL
11092022LAC;22;LAL;114;101;LAC
11092022IND;22;DEN;122;119;IND
11092022CHI;22;NOP;115;111;CHI
11092022CHA;22;POR;105;95;CHA
11092022BOS;22;DET;128;112;BOS
11092022BKN;22;NYK;85;112;BKN
11092022MIN;22;PHX;117;129;MIN
11102022WAS;23;DAL;105;113;WAS
11102022MIA;23;CHA;112;117;MIA
11102022ATL;23;PHI;104;95;ATL
11102022NOP;23;POR;106;95;NOP
11112022BOS;24;DEN;131;112;BOS
11112022GSW;24;CLE;106;101;GSW
11112022LAL;24;SAC;120;114;LAL
11112022MEM;24;MIN;114;103;MEM
11112022NYK;24;DET;121;112;NYK
11112022OKC;24;TOR;113;132;OKC
11112022ORL;24;PHX;114;97;ORL
11112022SAS;24;MIL;93;111;SAS
11122022WAS;25;UTA;112;121;WAS
11122022PHI;25;ATL;109;121;PHI
11122022NOP;25;HOU;106;119;NOP
11122022LAC;25;BKN;110;95;LAC
11122022IND;25;TOR;104;118;IND
11122022DET;25;BOS;117;108;DET
11122022DAL;25;POR;117;112;DAL
11122022MIA;25;CHA;115;132;MIA
11132022CHI;26;DEN;126;103;CHI
11132022CLE;26;MIN;124;129;CLE
11132022LAL;26;BKN;103;116;LAL
11132022NYK;26;OKC;145;135;NYK
11132022PHI;26;UTA;98;105;PHI
11132022SAC;26;GSW;115;122;SAC
11132022WAS;26;MEM;102;92;WAS
11142022MIL;27;ATL;121;106;MIL
11142022MIA;27;PHX;112;113;MIA
11142022ORL;27;CHA;112;105;ORL
11142022GSW;27;SAS;132;95;GSW
11142022DET;27;TOR;111;115;DET
11142022HOU;27;LAC;122;106;HOU
11142022BOS;27;OKC;122;126;BOS
11152022UTA;28;NYK;118;111;UTA
11152022SAC;28;BKN;121;153;SAC
11152022NOP;28;MEM;102;113;NOP
11152022POR;28;SAS;117;110;POR
11152022DAL;28;LAC;103;101;DAL
11162022ATL;29;BOS;126;101;ATL
11162022CHA;29;IND;125;113;CHA
11162022DAL;29;HOU;101;92;DAL
11162022DEN;29;NYK;106;103;DEN
11162022MIL;29;CLE;98;113;MIL
11162022NOP;29;CHI;124;110;NOP
11162022ORL;29;MIN;126;108;ORL
11162022PHX;29;GSW;130;119;PHX
11162022TOR;29;MIA;112;104;TOR
11162022WAS;29;OKC;120;121;WAS
11172022SAC;30;SAS;130;112;SAC
11172022LAC;30;DET;96;91;LAC
11172022POR;30;BKN;109;107;POR
11182022CHI;31;ORL;107;108;CHI
11182022CLE;31;CHA;122;132;CLE
11182022DAL;31;DEN;127;99;DAL
11182022GSW;31;NYK;111;101;GSW
11182022HOU;31;IND;99;91;HOU
11182022LAL;31;DET;121;128;LAL
11182022MEM;31;OKC;121;110;MEM
11182022NOP;31;BOS;117;109;NOP
11182022PHI;31;MIL;110;102;PHI
11182022UTA;31;PHX;133;134;UTA
11182022WAS;31;MIA;106;107;WAS
11192022PHI;32;MIN;109;112;PHI
11192022POR;32;UTA;113;118;POR
11192022IND;32;ORL;113;114;IND
11192022LAC;32;SAS;119;97;LAC
11192022ATL;32;TOR;122;124;ATL
11202022WAS;33;CHA;106;102;WAS
11202022SAC;33;DET;129;137;SAC
11202022PHX;33;NYK;116;95;PHX
11202022DAL;33;DEN;98;97;DAL
11202022HOU;33;GSW;127;120;HOU
11202022CLE;33;MIA;113;87;CLE
11202022BKN;33;MEM;115;127;BKN
11202022LAL;33;SAS;123;92;LAL
11212022CHI;34;BOS;107;121;CHI
11212022CLE;34;ATL;102;114;CLE
11212022IND;34;ORL;102;123;IND
11212022LAC;34;UTA;121;114;LAC
11212022MIL;34;POR;111;119;MIL
11212022MIN;34;MIA;105;101;MIN
11212022NOP;34;GSW;83;128;NOP
11212022OKC;34;NYK;129;119;OKC
11222022PHX;35;LAL;115;105;PHX
11222022DEN;35;DET;108;110;DEN
11222022MEM;35;SAC;109;113;MEM
11222022PHI;35;BKN;106;115;PHI
11232022BOS;36;DAL;112;125;BOS
11232022CHA;36;PHI;107;101;CHA
11232022CLE;36;POR;96;114;CLE
11232022GSW;36;LAC;124;107;GSW
11232022IND;36;MIN;101;115;IND
11232022MIA;36;WAS;105;113;MIA
11232022MIL;36;CHI;113;118;MIL
11232022OKC;36;DEN;126;131;OKC
11232022SAS;36;NOP;110;129;SAS
11232022TOR;36;BKN;98;112;TOR
11232022UTA;36;DET;125;116;UTA
11232022ATL;36;SAC;106;115;ATL
11252022BOS;37;SAC;122;104;BOS
11252022CHA;37;MIN;108;110;CHA
11252022HOU;37;ATL;122;128;HOU
11252022GSW;37;UTA;118;129;GSW
11252022SAS;37;LAL;105;94;SAS
11252022PHX;37;DET;102;108;PHX
11252022ORL;37;PHI;99;107;ORL
11252022OKC;37;CHI;119;123;OKC
11252022LAC;37;DEN;104;114;LAC
11252022MIL;37;CLE;117;102;MIL
11252022MIA;37;WAS;107;110;MIA
11252022MEM;37;NOP;132;111;MEM
11252022NYK;37;POR;129;132;NYK
11252022IND;37;BKN;117;128;IND
11262022HOU;38;OKC;118;105;HOU
11262022PHX;38;UTA;113;112;PHX
11262022SAS;38;LAL;138;143;SAS
11262022TOR;38;DAL;100;105;TOR
11272022ORL;39;PHI;103;133;ORL
11272022NYK;39;MEM;127;123;NYK
11272022MIN;39;GSW;114;137;MIN
11272022DET;39;CLE;94;102;DET
11272022LAC;39;IND;100;114;LAC
11272022BOS;39;WAS;130;121;BOS
11272022BKN;39;POR;97;111;BKN
11272022ATL;39;MIA;98;106;ATL
11272022MIL;39;DAL;115;124;MIL
11282022TOR;40;CLE;100;88;TOR
11282022WAS;40;MIN;142;127;WAS
11282022UTA;40;CHI;114;107;UTA
11282022SAC;40;PHX;122;117;SAC
11282022BOS;40;CHA;105;140;BOS
11282022NOP;40;OKC;101;105;NOP
11282022LAL;40;IND;116;115;LAL
11282022DEN;40;HOU;129;113;DEN
11282022BKN;40;ORL;109;102;BKN
11282022PHI;40;ATL;101;104;PHI
11292022DAL;41;GSW;113;116;DAL
11292022DET;41;NYK;110;140;DET
11292022POR;41;LAC;118;112;POR
11302022ORL;42;ATL;125;108;ORL
11302022UTA;42;LAC;112;125;UTA
11302022SAC;42;IND;137;114;SAC
11302022PHX;42;CHI;132;113;PHX
11302022OKC;42;SAS;111;119;OKC
11302022DEN;42;HOU;100;120;DEN
11302022NOP;42;TOR;126;108;NOP
11302022MIN;42;MEM;109;101;MIN
11302022LAL;42;POR;128;109;LAL
11302022BKN;42;WAS;113;107;BKN
11302022CLE;42;PHI;85;113;CLE
11302022BOS;42;MIA;134;121;BOS
11302022NYK;42;MIL;103;109;NYK
12012022DET;43;DAL;125;131;DET
12022022UTA;44;IND;139;119;UTA
12022022SAS;44;NOP;99;117;SAS
12022022MIL;44;LAL;129;133;MIL
12022022MEM;44;PHI;109;117;MEM
12022022PHX;44;HOU;122;121;PHX
12022022CLE;44;ORL;96;107;CLE
12022022CHA;44;WAS;117;116;CHA
12022022BOS;44;MIA;120;116;BOS
12022022BKN;44;TOR;114;105;BKN
12022022ATL;44;DEN;117;109;ATL
12022022GSW;44;CHI;111;119;GSW
12032022CHA;45;MIL;96;105;CHA
12032022GSW;45;HOU;120;101;GSW
12032022LAC;45;SAC;96;123;LAC
12032022MIN;45;OKC;128;135;MIN
12032022NYK;45;DAL;121;100;NYK
12032022TOR;45;ORL;108;121;TOR
12032022UTA;45;POR;116;111;UTA
12042022SAS;46;PHX;95;133;SAS
12042022WAS;46;LAL;130;119;WAS
12042022SAC;46;CHI;101;110;SAC
12042022BKN;46;BOS;103;92;BKN
12042022NYK;46;CLE;92;81;NYK
12042022NOP;46;DEN;121;106;NOP
12042022POR;46;IND;100;116;POR
12042022DET;46;MEM;122;112;DET
12052022ORL;47;MIL;109;102;ORL
12052022MEM;47;MIA;93;101;MEM
12052022TOR;47;BOS;116;110;TOR
12052022GSW;47;IND;104;112;GSW
12052022DAL;47;PHX;111;130;DAL
12052022CHA;47;LAC;119;117;CHA
12052022ATL;47;OKC;121;114;ATL
12052022HOU;47;PHI;123;132;HOU
12062022CLE;48;LAL;116;102;CLE
12062022DEN;48;DAL;115;116;DEN
12062022MIA;48;DET;116;96;MIA
12072022PHX;49;BOS;98;125;PHX
12072022UTA;49;GSW;124;123;UTA
12072022TOR;49;LAL;113;126;TOR
12072022ORL;49;LAC;111;116;ORL
12072022MIL;49;SAC;126;113;MIL
12072022NOP;49;DET;98;104;NOP
12072022MIN;49;IND;115;121;MIN
12072022MEM;49;OKC;123;102;MEM
12072022CHI;49;WAS;115;111;CHI
12072022BKN;49;CHA;116;122;BKN
12072022NYK;49;ATL;89;113;NYK
12082022MIA;50;LAC;115;110;MIA
12082022POR;50;DEN;121;120;POR
12082022SAS;50;HOU;109;118;SAS
12092022ORL;51;TOR;109;113;ORL
12092022UTA;51;MIN;108;118;UTA
12092022PHI;51;LAL;122;133;PHI
12092022NOP;51;PHX;117;128;NOP
12092022BKN;51;ATL;116;120;BKN
12092022IND;51;WAS;111;121;IND
12092022DAL;51;MIL;106;105;DAL
12092022CLE;51;SAC;95;106;CLE
12092022CHA;51;NYK;102;121;CHA
12092022MEM;51;DET;103;114;MEM
12102022POR;52;MIN;118;124;POR
12102022MIA;52;SAS;115;111;MIA
12102022WAS;52;LAC;107;114;WAS
12102022GSW;52;BOS;123;107;GSW
12102022DEN;52;UTA;110;115;DEN
12102022CLE;52;OKC;110;102;CLE
12102022CHI;52;DAL;115;144;CHI
12102022IND;52;BKN;133;136;IND
12112022ATL;53;CHI;122;123;ATL
12112022DET;53;LAL;124;117;DET
12112022HOU;53;MIL;92;97;HOU
12112022NOP;53;PHX;124;129;NOP
12112022NYK;53;SAC;99;112;NYK
12112022ORL;53;TOR;99;111;ORL
12112022PHI;53;CHA;113;131;PHI
12122022WAS;54;BKN;112;100;WAS
12122022POR;54;MIN;112;133;POR
12122022SAS;54;CLE;111;112;SAS
12122022LAC;54;BOS;113;93;LAC
12122022IND;54;MIA;87;82;IND
12122022MEM;54;ATL;103;128;MEM
12122022DAL;54;OKC;114;121;DAL
12132022UTA;55;NOP;121;100;UTA
12132022MIL;55;GSW;128;111;MIL
12132022LAL;55;BOS;122;118;LAL
12132022PHI;55;SAC;103;123;PHI
12132022HOU;55;PHX;97;111;HOU
12142022DAL;56;CLE;105;90;DAL
12142022DEN;56;WAS;141;128;DEN
12142022IND;56;GSW;119;125;IND
12142022LAC;56;MIN;99;88;LAC
12142022OKC;56;MIA;110;108;OKC
12142022ORL;56;ATL;135;124;ORL
12142022SAS;56;POR;112;128;SAS
12142022TOR;56;SAC;124;123;TOR
12142022CHA;56;DET;134;141;CHA
12142022CHI;56;NYK;120;128;CHI
12152022UTA;57;NOP;132;129;UTA
12152022LAC;57;PHX;95;111;LAC
12152022HOU;57;MIA;108;111;HOU
12152022MEM;57;MIL;101;142;MEM
12162022CHA;58;ATL;106;125;CHA
12162022CHI;58;NYK;114;91;CHI
12162022CLE;58;IND;112;118;CLE
12162022DAL;58;POR;110;130;DAL
12162022DET;58;SAC;122;113;DET
12162022LAL;58;DEN;126;108;LAL
12162022OKC;58;MIN;110;112;OKC
12162022PHI;58;GSW;118;106;PHI
12162022TOR;58;BKN;119;116;TOR
12162022BOS;58;ORL;109;117;BOS
12172022PHX;59;NOP;118;114;PHX
12172022SAS;59;MIA;101;111;SAS
12172022MIL;59;UTA;97;123;MIL
12172022LAC;59;WAS;93;102;LAC
12172022HOU;59;POR;95;107;HOU
12172022CLE;59;DAL;99;100;CLE
12172022OKC;59;MEM;109;115;OKC
12182022BOS;60;ORL;92;95;BOS
12182022DEN;60;CHA;115;119;DEN
12182022DET;60;BKN;121;124;DET
12182022IND;60;NYK;106;109;IND
12182022LAL;60;WAS;117;119;LAL
12182022MIN;60;CHI;150;126;MIN
12182022TOR;60;GSW;126;110;TOR
12192022SAC;61;CHA;119;125;SAC
12192022PHX;61;LAL;130;104;PHX
12192022PHI;61;TOR;101;104;PHI
12192022NOP;61;MIL;119;128;NOP
12192022MIN;61;DAL;106;116;MIN
12192022HOU;61;SAS;105;124;HOU
12192022CLE;61;UTA;122;99;CLE
12192022ATL;61;ORL;126;125;ATL
12192022OKC;61;POR;123;121;OKC
12202022DEN;62;MEM;105;91;DEN
12202022DET;62;UTA;126;111;DET
12202022MIA;62;CHI;113;103;MIA
12202022NYK;62;GSW;132;94;NYK
12202022PHX;62;WAS;113;110;PHX
12212022PHI;63;DET;113;93;PHI
12212022OKC;63;POR;98;101;OKC
12212022MIN;63;DAL;104;99;MIN
12212022SAC;63;LAL;134;120;SAC
12212022HOU;63;ORL;110;116;HOU
12212022LAC;63;CHA;126;105;LAC
12212022ATL;63;CHI;108;110;ATL
12212022NYK;63;TOR;113;106;NYK
12212022BOS;63;IND;112;117;BOS
12212022BKN;63;GSW;113;143;BKN
12212022CLE;63;MIL;114;106;CLE
12222022NOP;64;SAS;117;126;NOP
12222022UTA;64;WAS;120;112;UTA
12232022SAC;65;WAS;125;111;SAC
12232022PHX;65;MEM;100;125;PHX
12232022PHI;65;LAC;114;119;PHI
12232022ORL;65;SAS;133;113;ORL
12232022OKC;65;NOP;128;125;OKC
12232022NYK;65;CHI;117;118;NYK
12232022LAL;65;CHA;130;134;LAL
12232022HOU;65;DAL;112;106;HOU
12232022DEN;65;POR;120;107;DEN
12232022CLE;65;TOR;118;107;CLE
12232022BOS;65;MIN;121;109;BOS
12232022BKN;65;MIL;100;118;BKN
12232022ATL;65;DET;105;130;ATL
12232022MIA;65;IND;108;111;MIA
12252022NYK;66;PHI;119;112;NYK
12252022BOS;66;MIL;139;118;BOS
12252022DEN;66;PHX;125;128;DEN
12252022DAL;66;LAL;124;115;DAL
12252022GSW;66;MEM;123;109;GSW
12262022CHI;67;HOU;118;133;CHI
12262022CLE;67;BKN;117;125;CLE
12262022DET;67;LAC;142;131;DET
12262022MIA;67;MIN;113;110;MIA
12262022NOP;67;IND;113;93;NOP
12262022POR;67;CHA;124;113;POR
12262022SAS;67;UTA;126;122;SAS
12272022WAS;68;PHI;111;116;WAS
12272022SAC;68;DEN;106;113;SAC
12272022TOR;68;LAC;113;124;TOR
12272022ORL;68;LAL;110;129;ORL
12272022GSW;68;CHA;105;110;GSW
12272022MEM;68;PHX;108;125;MEM
12272022OKC;68;SAS;114;130;OKC
12272022BOS;68;HOU;102;126;BOS
12272022DAL;68;NYK;121;126;DAL
12272022IND;68;ATL;114;129;IND
12282022ATL;69;BKN;107;108;ATL
12282022CHI;69;MIL;113;119;CHI
12282022DET;69;ORL;101;121;DET
12282022GSW;69;UTA;112;107;GSW
12282022MIA;69;LAL;98;112;MIA
12282022NOP;69;MIN;118;119;NOP
12282022SAC;69;DEN;126;127;SAC
12282022WAS;69;PHX;127;102;WAS
12292022TOR;70;MEM;119;106;TOR
12292022SAS;70;NYK;122;115;SAS
12292022CHA;70;OKC;113;121;CHA
12292022BOS;70;LAC;110;116;BOS
12292022IND;70;CLE;126;135;IND
12292022DAL;70;HOU;114;129;DAL
12302022ATL;71;LAL;130;121;ATL
12302022CHI;71;DET;118;132;CHI
12302022DEN;71;MIA;119;124;DEN
12302022GSW;71;POR;112;118;GSW
12302022MIL;71;MIN;123;114;MIL
12302022NOP;71;PHI;116;127;NOP
12302022ORL;71;WAS;100;119;ORL
12302022SAC;71;UTA;125;126;SAC
12302022TOR;71;PHX;113;104;TOR
12312022UTA;72;MIA;126;123;UTA
12312022CHI;72;CLE;102;103;CHI
12312022HOU;72;NYK;108;88;HOU
12312022IND;72;LAC;131;130;IND
12312022MEM;72;NOP;101;116;MEM
12312022MIN;72;DET;116;104;MIN
12312022OKC;72;PHI;96;115;OKC
12312022CHA;72;BKN;106;123;CHA
12312022SAS;72;DAL;125;126;SAS
01012023DEN;73;BOS;111;123;DEN
01012023MEM;73;SAC;108;118;MEM
01012023MIL;73;WAS;95;118;MIL
01022023MIN;74;DEN;111;124;MIN
01022023BKN;74;SAS;103;139;BKN
01022023CHA;74;LAL;121;115;CHA
01022023CLE;74;CHI;145;134;CLE
01022023GSW;74;ATL;143;141;GSW
01022023HOU;74;DAL;106;111;HOU
01022023IND;74;TOR;114;122;IND
01022023LAC;74;MIA;110;100;LAC
01022023NYK;74;PHX;102;83;NYK
01022023PHI;74;NOP;111;120;PHI
01022023POR;74;DET;106;135;POR
01032023OKC;75;BOS;150;117;OKC
01032023UTA;75;SAC;115;117;UTA
01032023MIL;75;WAS;123;113;MIL
01042023NYK;76;SAS;114;117;NYK
01042023TOR;76;MIL;101;104;TOR
01042023SAC;76;ATL;117;120;SAC
01042023PHI;76;IND;126;129;PHI
01042023ORL;76;OKC;126;115;ORL
01042023NOP;76;HOU;119;108;NOP
01042023CHI;76;BKN;121;112;CHI
01042023LAL;76;MIA;109;112;LAL
01042023GSW;76;DET;119;122;GSW
01042023CLE;76;PHX;88;90;CLE
01042023CHA;76;MEM;107;131;CHA
01042023MIN;76;POR;106;113;MIN
01052023ORL;77;MEM;123;115;ORL
01052023DAL;77;BOS;95;124;DAL
01052023DEN;77;LAC;91;122;DEN
01052023HOU;77;UTA;131;114;HOU
01062023PHX;78;MIA;104;96;PHX
01062023SAS;78;DET;109;121;SAS
01062023OKC;78;WAS;127;110;OKC
01062023PHI;78;CHI;126;112;PHI
01062023TOR;78;NYK;112;108;TOR
01062023NOP;78;BKN;108;102;NOP
01062023MIL;78;CHA;138;109;MIL
01062023LAL;78;ATL;114;130;LAL
01062023IND;78;POR;99;108;IND
01062023DEN;78;CLE;108;121;DEN
01062023MIN;78;LAC;115;128;MIN
01072023CHI;79;UTA;126;118;CHI
01072023DAL;79;NOP;117;127;DAL
01072023GSW;79;ORL;115;101;GSW
01072023SAC;79;LAL;136;134;SAC
01072023SAS;79;BOS;116;121;SAS
01082023MIA;80;BKN;101;102;MIA
01082023TOR;80;POR;117;105;TOR
01082023PHX;80;CLE;112;98;PHX
01082023OKC;80;DAL;109;120;OKC
01082023LAC;80;ATL;112;108;LAC
01082023MEM;80;UTA;123;118;MEM
01082023HOU;80;MIN;104;96;HOU
01082023DET;80;PHI;111;123;DET
01082023IND;80;CHA;111;116;IND
01092023BOS;81;CHI;107;99;BOS
01092023DEN;81;LAL;109;122;DEN
01092023MEM;81;SAS;113;121;MEM
01092023NYK;81;MIL;107;111;NYK
01092023SAC;81;ORL;111;136;SAC
01092023WAS;81;NOP;112;132;WAS
01102023PHI;82;DET;147;116;PHI
01102023UTA;82;CLE;114;116;UTA
01102023TOR;82;CHA;132;120;TOR
01102023GSW;82;PHX;125;113;GSW
01102023LAC;82;DAL;101;113;LAC
01102023MIA;82;OKC;111;112;MIA
01102023POR;82;ORL;106;109;POR
01112023MEM;83;SAS;135;129;MEM
01112023DET;83;MIN;135;118;DET
01112023DEN;83;PHX;126;97;DEN
01112023SAC;83;HOU;115;135;SAC
01112023ATL;83;MIL;114;105;ATL
01112023WAS;83;CHI;100;97;WAS
01112023NYK;83;IND;113;119;NYK
01112023BOS;83;NOP;125;114;BOS
01122023PHI;84;OKC;133;114;PHI
01122023POR;84;CLE;113;119;POR
01122023LAL;84;DAL;119;115;LAL
01122023MIA;84;MIL;108;102;MIA
01122023TOR;84;CHA;114;124;TOR
01122023BKN;84;BOS;98;109;BKN
01132023CHI;85;OKC;124;110;CHI
01132023DET;85;NOP;116;110;DET
01132023IND;85;ATL;111;113;IND
01132023LAC;85;DEN;103;115;LAC
01132023MIN;85;PHX;116;121;MIN
01132023SAC;85;HOU;114;139;SAC
01132023SAS;85;GSW;113;144;SAS
01132023UTA;85;ORL;112;108;UTA
01132023WAS;85;NYK;112;108;WAS
01142023UTA;86;PHI;118;117;UTA
01142023TOR;86;ATL;103;114;TOR
01142023IND;86;MEM;130;112;IND
01142023MIN;86;CLE;102;110;MIN
01142023MIA;86;MIL;95;111;MIA
01142023CHA;86;BOS;122;106;CHA
01142023POR;86;DAL;136;119;POR
01152023POR;87;DAL;140;123;POR
01152023SAS;87;SAC;119;132;SAS
01152023LAL;87;PHI;113;112;LAL
01152023CHI;87;GSW;118;132;CHI
01152023DET;87;NYK;117;104;DET
01152023DEN;87;ORL;116;119;DEN
01152023BKN;87;OKC;112;102;BKN
01152023LAC;87;HOU;121;100;LAC
01162023ATL;88;MIA;121;113;ATL
01162023CHA;88;BOS;130;118;CHA
01162023CLE;88;NOP;113;103;CLE
01162023LAL;88;HOU;132;140;LAL
01162023MEM;88;PHX;106;136;MEM
01162023MIL;88;IND;119;132;MIL
01162023MIN;88;UTA;125;126;MIN
01162023NYK;88;TOR;121;123;NYK
01162023WAS;88;GSW;118;127;WAS
01172023SAS;89;BKN;106;98;SAS
01172023MIL;89;TOR;130;122;MIL
01172023LAC;89;PHI;110;120;LAC
01172023DEN;89;POR;122;113;DEN
01182023DAL;90;ATL;130;122;DAL
01182023DEN;90;MIN;118;122;DEN
01182023HOU;90;CHA;122;117;HOU
01182023LAL;90;SAC;116;111;LAL
01182023MEM;90;CLE;114;115;MEM
01182023NOP;90;MIA;98;124;NOP
01182023NYK;90;WAS;105;116;NYK
01182023OKC;90;IND;126;106;OKC
01182023UTA;90;LAC;126;103;UTA
01192023POR;91;PHI;105;95;POR
01192023BOS;91;GSW;121;118;BOS
01192023MIN;91;TOR;128;126;MIN
01192023DET;91;CHI;108;126;DET
01192023PHX;91;BKN;117;112;PHX
01202023SAS;92;LAC;126;131;SAS
01202023UTA;92;BKN;106;117;UTA
01202023SAC;92;OKC;113;118;SAC
01202023DAL;92;MIA;115;90;DAL
01202023LAL;92;MEM;121;122;LAL
01202023DEN;92;IND;111;134;DEN
01202023CLE;92;GSW;120;114;CLE
01202023ATL;92;NYK;139;124;ATL
01202023ORL;92;NOP;110;123;ORL
01212023ATL;93;CHA;118;122;ATL
01212023CLE;93;MIL;102;114;CLE
01212023MIN;93;HOU;113;104;MIN
01212023PHX;93;IND;112;107;PHX
01212023SAC;93;PHI;129;127;SAC
01212023TOR;93;BOS;106;104;TOR
01212023WAS;93;ORL;118;138;WAS
01222023POR;94;LAL;121;112;POR
01222023PHX;94;MEM;110;112;PHX
01222023TOR;94;NYK;125;116;TOR
01222023GSW;94;BKN;120;116;GSW
01222023MIA;94;NOP;100;96;MIA
01222023DEN;94;OKC;99;101;DEN
01222023DAL;94;LAC;98;112;DAL
01232023DET;95;MIL;130;150;DET
01232023UTA;95;CHA;102;120;UTA
01232023SAC;95;MEM;133;100;SAC
01232023CHI;95;ATL;111;100;CHI
01232023ORL;95;BOS;113;98;ORL
01232023HOU;95;MIN;114;119;HOU
01232023POR;95;SAS;147;127;POR
01242023DAL;96;WAS;126;127;DAL
01242023IND;96;CHI;116;110;IND
01242023MIA;96;BOS;98;95;MIA
01242023NOP;96;DEN;98;99;NOP
01242023NYK;96;CLE;103;105;NYK
01242023PHX;96;CHA;128;97;PHX
01242023LAL;96;LAC;115;133;LAL
01252023PHI;97;BKN;133;137;PHI
01252023SAC;97;TOR;113;95;SAC
01252023POR;97;UTA;124;134;POR
01252023ORL;97;IND;126;120;ORL
01252023NOP;97;MIN;102;111;NOP
01252023GSW;97;MEM;120;122;GSW
01252023HOU;97;WAS;108;103;HOU
01252023OKC;97;ATL;132;137;OKC
01252023MIL;97;DEN;107;99;MIL
01252023LAL;97;SAS;113;104;LAL
01262023BKN;98;DET;122;130;BKN
01262023BOS;98;NYK;117;120;BOS
01262023CHA;98;CHI;111;96;CHA
01262023HOU;98;CLE;113;95;HOU
01262023LAC;98;SAS;100;138;LAC
01262023PHX;98;DAL;95;99;PHX
01272023OKC;99;CLE;100;112;OKC
01272023MIA;99;ORL;110;105;MIA
01272023IND;99;MIL;131;141;IND
01272023MIN;99;MEM;111;100;MIN
01272023GSW;99;TOR;117;129;GSW
01282023PHI;100;DEN;126;119;PHI
01282023UTA;100;DAL;108;100;UTA
01282023SAS;100;PHX;118;128;SAS
01282023POR;100;TOR;105;123;POR
01282023NOP;100;WAS;103;113;NOP
01282023MIN;100;SAC;117;110;MIN
01282023DET;100;HOU;117;114;DET
01282023BOS;100;LAL;121;125;BOS
01282023BKN;100;NYK;115;122;BKN
01282023ATL;100;LAC;113;120;ATL
01282023ORL;100;CHI;109;128;ORL
01292023CHA;101;MIA;122;117;CHA
01292023CLE;101;LAC;122;99;CLE
01292023MEM;101;IND;112;100;MEM
01292023MIL;101;NOP;135;110;MIL
01302023SAS;102;WAS;127;106;SAS
01302023POR;102;ATL;129;125;POR
01302023PHX;102;TOR;106;114;PHX
01302023DAL;102;DET;111;105;DAL
01302023OKC;102;GSW;120;128;OKC
01302023MIN;102;SAC;111;118;MIN
01302023BKN;102;LAL;121;104;BKN
01302023PHI;102;ORL;119;109;PHI
01312023NYK;103;LAL;129;123;NYK
01312023CHI;103;LAC;103;108;CHI
01312023DEN;103;NOP;113;122;DEN
01312023CLE;103;MIA;100;97;CLE
01312023MIL;103;CHA;115;124;MIL
02012023BOS;104;BKN;139;96;BOS
02012023HOU;104;OKC;112;106;HOU
02012023MEM;104;POR;122;112;MEM
02012023MIN;104;GSW;114;119;MIN
02012023PHI;104;ORL;94;105;PHI
02012023PHX;104;ATL;100;132;PHX
02012023SAS;104;SAC;119;109;SAS
02012023UTA;104;TOR;131;128;UTA
02022023NYK;105;MIA;104;106;NYK
02022023IND;105;LAL;112;111;IND
02022023MIL;105;LAC;106;105;MIL
02022023DAL;105;NOP;106;111;DAL
02022023DEN;105;GSW;134;117;DEN
02022023CHI;105;CHA;114;98;CHI
02022023CLE;105;MEM;128;113;CLE
02032023DET;106;CHA;118;112;DET
02032023HOU;106;TOR;111;117;HOU
02032023IND;106;SAC;107;104;IND
02032023MIN;106;ORL;127;120;MIN
02032023SAS;106;PHI;137;125;SAS
02032023UTA;106;ATL;108;115;UTA
02032023WAS;106;POR;116;124;WAS
02032023BOS;106;PHX;106;94;BOS
02042023OKC;107;HOU;153;121;OKC
02042023NYK;107;LAC;128;134;NYK
02042023NOP;107;LAL;126;131;NOP
02042023DEN;107;ATL;108;128;DEN
02042023GSW;107;DAL;113;119;GSW
02042023DET;107;PHX;116;100;DET
02042023BKN;107;WAS;125;123;BKN
02042023MIL;107;MIA;123;115;MIL
02042023CHI;107;POR;121;129;CHI
02052023NOP;108;SAC;136;104;NOP
02052023NYK;108;PHI;97;108;NYK
02052023MIN;108;DEN;98;128;MIN
02052023IND;108;CLE;122;103;IND
02052023MEM;108;TOR;106;103;MEM
02052023CHA;108;ORL;119;113;CHA
02062023BKN;109;LAC;116;124;BKN
02062023CHI;109;SAS;128;104;CHI
02062023DET;109;BOS;99;111;DET
02062023GSW;109;OKC;141;114;GSW
02062023HOU;109;SAC;140;120;HOU
02062023POR;109;MIL;108;127;POR
02062023UTA;109;DAL;124;111;UTA
02062023WAS;109;CLE;91;114;WAS
02072023ORL;110;NYK;102;98;ORL
02072023NOP;110;ATL;107;116;NOP
02072023DEN;110;MIN;112;146;DEN
02072023LAL;110;OKC;133;130;LAL
02072023BKN;110;PHX;112;116;BKN
02072023MEM;110;CHI;89;104;MEM
02082023TOR;111;SAS;112;98;TOR
02082023WAS;111;CHA;104;118;WAS
02082023UTA;111;MIN;143;118;UTA
02082023POR;111;GSW;125;122;POR
02082023BOS;111;PHI;99;106;BOS
02082023LAC;111;DAL;104;110;LAC
02082023HOU;111;SAC;130;128;HOU
02082023CLE;111;DET;113;85;CLE
02082023MIA;111;IND;111;116;MIA
02092023ORL;112;DEN;104;115;ORL
02092023LAL;112;MIL;106;115;LAL
02092023BKN;112;CHI;116;105;BKN
02092023ATL;112;PHX;116;107;ATL
02102023TOR;113;UTA;116;122;TOR
02102023POR;113;OKC;138;129;POR
02102023PHI;113;NYK;108;119;PHI
02102023NOP;113;CLE;107;118;NOP
02102023SAC;113;DAL;114;122;SAC
02102023MEM;113;MIN;128;107;MEM
02102023LAC;113;MIL;106;119;LAC
02102023IND;113;PHX;117;104;IND
02102023DET;113;SAS;131;138;DET
02102023BOS;113;CHA;116;127;BOS
02102023MIA;113;HOU;97;95;MIA
02112023WAS;114;IND;113;127;WAS
02112023SAC;114;DAL;128;133;SAC
02112023ORL;114;MIA;103;107;ORL
02112023NYK;114;UTA;126;120;NYK
02112023CLE;114;CHI;89;97;CLE
02112023CHA;114;DEN;105;119;CHA
02112023ATL;114;SAS;125;106;ATL
02112023GSW;114;LAL;103;109;GSW
02112023BKN;114;PHI;98;101;BKN
02122023BOS;115;MEM;109;119;BOS
02122023TOR;115;DET;119;118;TOR
02132023DAL;116;MIN;124;121;DAL
02132023CHA;116;ATL;144;138;CHA
02132023CHI;116;ORL;91;100;CHI
02132023CLE;116;SAS;117;109;CLE
02132023GSW;116;WAS;135;126;GSW
02132023MIA;116;DEN;112;108;MIA
02132023NYK;116;BKN;106;124;NYK
02132023OKC;116;NOP;103;100;OKC
02132023PHI;116;HOU;104;123;PHI
02132023POR;116;LAL;115;127;POR
02132023IND;116;UTA;123;117;IND
02142023LAC;117;GSW;124;134;LAC
02142023MIL;117;BOS;131;125;MIL
02142023PHX;117;SAC;109;120;PHX
02142023POR;117;WAS;126;101;POR
02142023TOR;117;ORL;113;123;TOR
02152023PHI;118;CLE;112;118;PHI
02152023OKC;118;HOU;133;96;OKC
02152023LAL;118;NOP;102;120;LAL
02152023IND;118;CHI;113;117;IND
02152023MEM;118;UTA;111;117;MEM
02152023CHA;118;SAS;120;110;CHA
02152023ATL;118;NYK;122;101;ATL
02152023BOS;118;DET;127;109;BOS
02152023BKN;118;MIA;105;116;BKN
02152023DEN;118;DAL;109;118;DEN
02162023CHI;119;MIL;100;112;CHI
02162023MIN;119;WAS;114;106;MIN
02162023PHX;119;LAC;116;107;PHX
02232023UTA;120;OKC;119;120;UTA
02232023TOR;120;NOP;115;110;TOR
02232023SAC;120;POR;116;133;SAC
02232023PHI;120;MEM;110;105;PHI
02232023IND;120;BOS;138;142;IND
02232023LAL;120;GSW;111;124;LAL
02232023DAL;120;SAS;116;142;DAL
02232023CLE;120;DEN;115;109;CLE
02232023ORL;120;DET;106;108;ORL
02242023MIN;121;CHA;121;113;MIN
02242023PHX;121;OKC;115;124;PHX
02242023MIL;121;MIA;128;99;MIL
02242023WAS;121;NYK;115;109;WAS
02242023GSW;121;HOU;116;101;GSW
02242023CHI;121;BKN;131;87;CHI
02242023LAC;121;SAC;176;175;LAC
02242023ATL;121;CLE;136;119;ATL
02252023CHA;122;MIA;103;108;CHA
02252023DET;122;TOR;95;91;DET
02252023MEM;122;DEN;112;94;MEM
02252023NYK;122;NOP;128;106;NYK
02252023ORL;122;IND;108;121;ORL
02252023PHI;122;BOS;107;110;PHI
02252023UTA;122;SAS;102;118;UTA
02262023POR;123;HOU;114;131;POR
02262023OKC;123;SAC;124;115;OKC
02262023MIL;123;PHX;101;104;MIL
02262023CHI;123;WAS;82;102;CHI
02262023DEN;123;LAC;124;134;DEN
02262023DAL;123;LAL;108;111;DAL
02262023CLE;123;TOR;118;93;CLE
02262023ATL;123;BKN;127;129;ATL
02262023GSW;123;MIN;104;109;GSW
02272023PHI;124;MIA;99;101;PHI
02272023CHA;124;DET;106;117;CHA
02272023NOP;124;ORL;93;101;NOP
02272023NYK;124;BOS;109;94;NYK
02282023ATL;125;WAS;119;116;ATL
02282023BKN;125;MIL;118;104;BKN
02282023DAL;125;IND;122;124;DAL
02282023GSW;125;POR;123;105;GSW
02282023HOU;125;DEN;112;133;HOU
02282023LAC;125;MIN;108;101;LAC
02282023MEM;125;LAL;109;121;MEM
02282023OKC;125;SAC;117;123;OKC
02282023TOR;125;CHI;98;104;TOR
02282023UTA;125;SAS;102;94;UTA
03012023NYK;126;BKN;118;142;NYK
03012023OKC;126;LAL;117;123;OKC
03012023MIL;126;ORL;139;117;MIL
03012023POR;126;NOP;110;121;POR
03012023HOU;126;MEM;99;113;HOU
03012023CHA;126;PHX;105;91;CHA
03012023MIA;126;PHI;119;96;MIA
03012023DET;126;CHI;117;115;DET
03012023BOS;126;CLE;113;117;BOS
03022023DAL;127;PHI;126;133;DAL
03022023GSW;127;LAC;91;115;GSW
03022023SAS;127;IND;110;99;SAS
03022023WAS;127;TOR;108;119;WAS
03032023SAC;128;LAC;127;128;SAC
03032023OKC;128;UTA;103;130;OKC
03032023MIA;128;NYK;122;120;MIA
03032023LAL;128;MIN;102;110;LAL
03032023DEN;128;MEM;97;113;DEN
03032023CHI;128;PHX;104;125;CHI
03032023BOS;128;BKN;115;105;BOS
03032023ATL;128;POR;111;129;ATL
03032023GSW;128;NOP;99;108;GSW
03032023CHA;128;ORL;106;117;CHA
03042023WAS;129;TOR;116;109;WAS
03042023SAS;129;HOU;122;110;SAS
03042023MIL;129;PHI;130;133;MIL
03042023MIA;129;ATL;117;109;MIA
03042023CLE;129;DET;90;114;CLE
03042023SAC;129;MIN;138;134;SAC
03052023ORL;130;POR;119;122;ORL
03052023OKC;130;UTA;129;119;OKC
03052023LAL;130;GSW;113;105;LAL
03052023WAS;130;MIL;117;111;WAS
03052023HOU;130;SAS;110;142;HOU
03052023DAL;130;PHX;126;130;DAL
03052023CHI;130;IND;122;125;CHI
03052023BOS;130;NYK;129;131;BOS
03052023BKN;130;CHA;102;86;BKN
03052023LAC;130;MEM;129;135;LAC
03062023CLE;131;BOS;114;118;CLE
03062023DEN;131;TOR;113;118;DEN
03062023DET;131;POR;104;110;DET
03062023IND;131;PHI;143;147;IND
03062023MIA;131;ATL;130;128;MIA
03062023SAC;131;NOP;108;123;SAC
03072023OKC;132;GSW;128;137;OKC
03072023ORL;132;MIL;123;134;ORL
03072023NYK;132;CHA;105;112;NYK
03072023DET;132;WAS;119;117;DET
03072023LAL;132;MEM;103;112;LAL
03072023HOU;132;BKN;96;118;HOU
03072023MIN;132;PHI;117;94;MIN
03072023DAL;132;UTA;116;120;DAL
03082023BOS;133;POR;115;93;BOS
03082023DEN;133;CHI;117;96;DEN
03082023LAC;133;TOR;100;108;LAC
03082023MIA;133;CLE;104;100;MIA
03082023NOP;133;DAL;106;113;NOP
03082023PHX;133;OKC;132;101;PHX
03082023WAS;133;ATL;122;120;WAS
03092023ORL;134;UTA;124;131;ORL
03092023SAC;134;NYK;117;122;SAC
03092023MEM;134;GSW;110;131;MEM
03092023MIL;134;BKN;113;118;MIL
03092023DET;134;CHA;103;113;DET
03092023IND;134;HOU;125;134;IND
03102023MIA;135;CLE;115;119;MIA
03102023WAS;135;ATL;107;114;WAS
03102023LAL;135;TOR;122;112;LAL
03102023PHI;135;POR;120;119;PHI
03102023MIN;135;BKN;124;123;MIN
03102023SAS;135;DEN;120;128;SAS
03112023ATL;136;BOS;125;134;ATL
03112023CHA;136;UTA;119;111;CHA
03112023DET;136;IND;115;121;DET
03112023HOU;136;CHI;111;119;HOU
03112023LAC;136;NYK;106;95;LAC
03112023MEM;136;DAL;108;112;MEM
03112023NOP;136;OKC;110;96;NOP
03112023ORL;136;MIA;114;126;ORL
03112023PHX;136;SAC;128;119;PHX
03112023GSW;136;MIL;116;125;GSW
03122023SAS;137;OKC;90;102;SAS
03122023PHI;137;WAS;93;112;PHI
03122023LAL;137;NYK;112;108;LAL
03122023CHA;137;CLE;114;108;CHA
03122023NOP;137;POR;110;127;NOP
03122023DEN;137;BKN;122;120;DEN
03132023DAL;138;MEM;88;104;DAL
03132023DET;138;IND;117;97;DET
03132023GSW;138;PHX;123;112;GSW
03132023HOU;138;BOS;109;111;HOU
03132023MIA;138;UTA;119;115;MIA
03132023SAC;138;MIL;124;133;SAC
03132023ATL;138;MIN;136;115;ATL
03142023WAS;139;DET;97;117;WAS
03142023TOR;139;DEN;125;110;TOR
03142023SAS;139;ORL;132;114;SAS
03142023OKC;139;BKN;107;121;OKC
03142023PHX;139;MIL;116;104;PHX
03142023CHA;139;CLE;104;120;CHA
03142023POR;139;NYK;107;123;POR
03142023NOP;139;LAL;123;108;NOP
03152023MIN;140;BOS;102;104;MIN
03152023SAS;140;DAL;137;128;SAS
03152023LAC;140;GSW;126;134;LAC
03152023HOU;140;LAL;110;114;HOU
03152023CLE;140;PHI;118;109;CLE
03152023MIA;140;MEM;138;119;MIA
03152023CHI;140;SAC;117;114;CHI
03162023TOR;141;OKC;128;111;TOR
03162023PHX;141;ORL;113;116;PHX
03162023DET;141;DEN;119;100;DET
03162023MIL;141;IND;123;139;MIL
03162023BKN;141;SAC;101;96;BKN
03172023CHI;142;MIN;131;139;CHI
03172023CLE;142;WAS;117;94;CLE
03172023HOU;142;NOP;114;112;HOU
03172023LAL;142;DAL;111;110;LAL
03172023POR;142;BOS;126;112;POR
03172023SAS;142;MEM;126;120;SAS
03172023ATL;142;GSW;119;127;ATL
03172023CHA;142;PHI;82;121;CHA
03182023WAS;143;SAC;132;118;WAS
03182023UTA;143;BOS;117;118;UTA
03182023TOR;143;MIN;122;107;TOR
03182023LAC;143;ORL;108;113;LAC
03182023MEM;143;GSW;133;119;MEM
03182023CHI;143;MIA;113;99;CHI
03182023NYK;143;DEN;110;116;NYK
03182023IND;143;PHI;141;121;IND
03192023OKC;144;PHX;120;124;OKC
03192023POR;144;LAC;117;102;POR
03192023SAS;144;ATL;126;118;SAS
03192023HOU;144;NOP;117;107;HOU
03192023LAL;144;ORL;105;111;LAL
03192023MIL;144;TOR;118;111;MIL
03192023BKN;144;DEN;102;108;BKN
03192023DET;144;MIA;112;100;DET
03202023CHA;145;IND;115;109;CHA
03202023HOU;145;GSW;108;121;HOU
03202023MEM;145;DAL;112;108;MEM
03202023NYK;145;MIN;140;134;NYK
03202023PHI;145;CHI;105;109;PHI
03202023UTA;145;SAC;128;120;UTA
03212023NOP;146;SAS;119;84;NOP
03212023SAC;146;BOS;109;132;SAC
03212023BKN;146;CLE;109;115;BKN
03212023ATL;146;DET;107;129;ATL
03212023LAC;146;OKC;101;100;LAC
03212023ORL;146;WAS;122;112;ORL
03222023CHI;147;PHI;116;91;CHI
03222023DAL;147;GSW;127;125;DAL
03222023LAL;147;PHX;111;122;LAL
03222023MEM;147;HOU;130;125;MEM
03222023MIA;147;NYK;127;120;MIA
03222023MIL;147;SAS;94;130;MIL
03222023MIN;147;ATL;125;124;MIN
03222023TOR;147;IND;118;114;TOR
03222023UTA;147;POR;115;127;UTA
03222023WAS;147;DEN;104;118;WAS
03232023LAC;148;OKC;105;127;LAC
03232023BKN;148;CLE;114;116;BKN
03232023NOP;148;CHA;115;96;NOP
03232023ORL;148;NYK;106;111;ORL
03242023WAS;149;SAS;136;124;WAS
03242023TOR;149;DET;118;97;TOR
03242023SAC;149;PHX;127;135;SAC
03242023POR;149;CHI;96;124;POR
03242023UTA;149;MIL;116;144;UTA
03242023LAL;149;OKC;116;111;LAL
03242023GSW;149;PHI;112;120;GSW
03242023DAL;149;CHA;109;117;DAL
03242023BOS;149;IND;120;95;BOS
03242023MEM;149;HOU;114;151;MEM
03252023ATL;150;IND;143;130;ATL
03252023DEN;150;MIL;106;129;DEN
03252023LAC;150;NOP;110;131;LAC
03252023MIA;150;BKN;129;100;MIA
03252023PHX;150;PHI;105;125;PHX
03252023SAC;150;UTA;121;113;SAC
03262023ORL;151;BKN;119;106;ORL
03262023TOR;151;WAS;104;114;TOR
03262023POR;151;OKC;112;118;POR
03262023LAL;151;CHI;108;118;LAL
03262023BOS;151;SAS;93;137;BOS
03262023CLE;151;HOU;91;108;CLE
03262023CHA;151;DAL;104;110;CHA
03262023ATL;151;MEM;119;123;ATL
03262023GSW;151;MIN;99;96;GSW
03272023UTA;152;PHX;117;103;UTA
03272023SAC;152;MIN;115;119;SAC
03272023POR;152;NOP;124;90;POR
03272023NYK;152;HOU;115;137;NYK
03272023IND;152;DAL;127;104;IND
03272023DET;152;MIL;117;126;DET
03272023DEN;152;PHI;111;116;DEN
03272023LAC;152;CHI;124;112;LAC
03282023OKC;153;CHA;137;134;OKC
03282023ATL;153;CLE;118;120;ATL
03282023GSW;153;NOP;109;120;GSW
03282023MEM;153;ORL;113;108;MEM
03282023WAS;153;BOS;111;130;WAS
03282023TOR;153;MIA;92;106;TOR
03292023CHI;154;LAL;110;121;CHI
03292023BKN;154;HOU;114;123;BKN
03292023POR;154;SAC;120;80;POR
03292023PHX;154;MIN;107;100;PHX
03292023PHI;154;DAL;116;108;PHI
03292023SAS;154;UTA;117;128;SAS
03292023NYK;154;MIA;92;101;NYK
03292023MEM;154;LAC;132;141;MEM
03292023IND;154;MIL;149;136;IND
03292023OKC;154;DET;106;107;OKC
03302023DEN;155;NOP;88;107;DEN
03302023MIL;155;BOS;140;99;MIL
03312023WAS;156;ORL;109;116;WAS
03312023POR;156;SAC;138;114;POR
03312023PHX;156;DEN;100;93;PHX
03312023PHI;156;TOR;110;117;PHI
03312023MEM;156;LAC;94;108;MEM
03312023MIN;156;LAL;111;123;MIN
03312023HOU;156;DET;115;121;HOU
03312023GSW;156;SAS;115;130;GSW
03312023CLE;156;NYK;116;130;CLE
03312023CHA;156;CHI;121;91;CHA
03312023BOS;156;UTA;114;122;BOS
03312023BKN;156;ATL;124;107;BKN
03312023IND;156;OKC;121;117;IND
04012023MIA;157;DAL;122;129;MIA
04012023NOP;157;LAC;122;114;NOP
04022023ORL;158;DET;128;102;ORL
04022023OKC;158;PHX;118;128;OKC
04022023NYK;158;WAS;118;109;NYK
04022023MIN;158;POR;107;105;MIN
04022023MIL;158;PHI;104;117;MIL
04022023CHA;158;TOR;108;128;CHA
04022023DEN;158;GSW;112;110;DEN
04022023CLE;158;IND;105;115;CLE
04022023CHI;158;MEM;128;107;CHI
04022023BKN;158;UTA;111;110;BKN
04022023ATL;158;DAL;132;130;ATL
04022023HOU;158;LAL;134;109;HOU
04022023SAC;158;SAS;142;134;SAC
